"关键词词组","ABA总计 点击份额","ABA总计 转化份额","关键词销量","Magnet IQ得分","搜索量","搜索量趋势","H10 PPC 建议出价","H10 PPC 建议最低出价","H10 PPC 建议最高出价","广告推广ASIN 数","竞品数","CPR","自然","标题密度","Smart Complete","亚马逊推荐"
"candle warmer lamp under 20 dollars",,,1,"1,059",235,"n/a",,,,96,222,8,1,0,1,0
"aifei candle warmer lamp with timer",,,15,"3,652",241,-7,,,,149,66,8,1,0,1,0
"banbanda candle warmer lamp",,,12,"3,253",283,"n/a",,,,86,87,8,1,0,1,0
"candle warmer lamp under 25",,,8,"1,888",253,186,,,,162,134,8,1,0,1,0
"hong in candle warmer lamp",68,50,11,"1,610",235,21,1.13,0.8,1.49,318,146,8,1,0,1,0
"best candle warmer lamp",27.5,,2,356,356,15,,,,243,">1,000",8,1,0,1,1
"antique candle warmer lamp",,,6,"1,399",256,-16,,,,125,183,8,1,0,1,0
"candle for warmer lamp",28.6,20,6,415,415,30,1.1,0.81,1.33,271,">1,000",8,1,0,1,0
"lamp candle holder",,,3,134,268,116,,,,252,">2,000",8,1,0,1,1
"candle warmer lamp marble",50,25,5,797,421,2,0.92,0.62,1.25,254,528,8,0,2,1,1
"candle warmer lamp 2 pack",42.5,17.4,34,"1,428","1,428",56,0.86,0.65,1.1,483,">1,000",26,0,0,1,1
"aromatherapy lamp candle warmer",,,4,380,311,46,,,,166,">819",8,1,0,1,1
"candle warm lamp",,,12,274,274,75,,,,302,">1,000",8,1,0,1,1
"hestia candle warmer lamp",,,8,403,213,136,1.3,0.96,1.67,228,529,8,1,0,1,0
"luzdiosa candle warmer lamp",76.9,66.7,7,437,232,-16,0.94,0.83,1.34,324,531,8,1,0,1,1
"candle lamp",21.3,15.2,452,"27,730","27,730",74,0.89,0.7,1.27,558,">1,000",64,1,20,1,1
"lamps that heat candles",,,6,410,286,"n/a",,,,118,698,8,1,0,1,0
"lamp with candle",,,1,228,228,188,,,,158,">1,000",8,1,0,1,1
"candle warmer with lamp",20.7,,7,384,384,34,1.13,0.77,1.4,402,">1,000",8,1,0,1,1
"battery operated candle warmer lamp",25.5,,1,509,375,6,,,,332,">737",8,1,0,1,1
"wireless candle warmer lamp",30.4,,1,700,426,3,1.05,0.69,1.34,350,609,8,1,0,1,1
"candle warmer lamp brushed nickel",,,2,"2,189",324,6,,,,185,148,8,1,0,1,1
"candle warmer lamp modern",26.9,14.3,10,657,567,15,0.84,0.56,1.18,410,">863",9,1,0,1,1
"candle lamp warmer",19.8,12.6,826,"22,423","22,423",60,0.89,0.56,1.21,476,">1,000",55,1,14,1,1
"heat lamp for candles",22.2,,15,852,764,42,0.97,0.68,1.29,408,">897",11,1,0,1,0
"aikut candle warmer lamp",88,,5,683,364,-15,1.16,0.82,1.46,288,533,8,1,0,1,1
"led candle warmer lamp",,,3,547,373,19,,,,206,">682",8,1,3,1,1
"candle warmer lamp tigqiang",,,7,508,277,56,,,,171,545,8,1,0,1,0
"candle heat lamp",22.2,21,28,"1,284","1,162",25,0.93,0.64,1.27,504,">905",26,1,0,1,1
"cordless candle warmer lamp",31.9,,8,"1,816","1,384",-1,0.85,0.65,1.15,682,">762",26,1,0,1,1
"lamp candle burner",,,1,432,277,74,,,,123,">641",8,1,0,1,1
"candle warmer electric wax melt lamp",,,5,271,271,-25,,,,165,">1,000",8,1,0,1,0
"candle warmer lamp sunflower",,,7,750,375,"n/a",,,,123,500,8,1,0,1,0
"candle warmer lamp farmhouse",29.6,,4,641,370,5,,,,362,577,8,1,0,1,0
"heat candle lamp",,,4,357,328,15,,,,353,">918",8,1,0,1,1
"candle warmer lamp for 3 wick candles",35.3,10,22,"1,095",644,24,0.83,0.56,1.11,394,588,10,1,0,1,0
"cute candle warmer lamp",28.3,16.7,2,623,402,7,0.93,0.62,1.14,344,645,8,1,0,1,1
"heat lamp for candle",,,6,281,253,"n/a",,,,121,">900",8,1,0,1,0
"candle warmer lamps",47.9,12.2,54,"1,660","1,660",-19,0.94,0.64,1.25,579,">1,000",26,1,0,1,0
"candle burner lamp",22.8,13.3,24,"1,913","1,232",35,0.92,0.58,1.22,448,">644",26,1,0,1,1
"candle warmer lamp 3 wick",50,12.5,5,658,388,18,0.99,0.69,1.19,302,590,8,1,0,1,1
"candle warmer lamp with remote",26.4,19.1,17,"3,411",764,-2,0.83,0.62,1.18,379,224,11,1,2,1,1
"godonlif candle warmer lamp with timer",,,24,337,256,2,,,,122,759,8,1,0,1,0
"adjustable candle lamp",,,9,255,241,"n/a",,,,118,">945",8,1,1,1,1
"candle warmer lamp rustic farmhouse",24.1,25,2,651,330,15,,,,324,507,8,1,0,1,1
"candle warmer lamp glass shade",,,17,384,238,539,,,,195,620,8,1,0,1,1
"candle warming lamps",15.2,20,2,397,397,22,1.01,0.72,1.22,309,">1,000",8,1,0,1,0
"candle warmer lamp for large candles",30.8,20,10,436,436,13,0.99,0.7,1.34,274,">1,000",8,1,0,1,0
"candle warmer lamp clear",,,1,281,247,501,,,,243,878,8,1,0,1,0
"candle warmer lamp teen girl",,,13,463,232,-24,,,,139,501,8,1,0,1,0
"electric candle lamp",14.3,,2,201,402,6,0.98,0.7,1.29,409,">2,000",8,1,7,1,1
"candle lamp black",,,6,576,330,30,,,,265,">573",8,1,0,1,1
"candle warmer lamp dimmable",,,5,256,256,78,,,,252,">1,000",8,1,1,1,0
"candle warmer lamp with timer dimmer adjustable height",,,25,396,280,-12,,,,177,">707",8,1,3,1,0
"wood base candle warmer lamp",29,,7,348,232,-20,,,,142,">666",8,1,0,1,0
"candle lamp with timer",20.9,37.5,11,407,407,32,0.96,0.69,1.26,404,">1,000",8,1,1,1,1
"heat lamp candle",,,7,348,316,"2,075",,,,234,">909",8,1,0,1,0
"lamp with candle warmer",24.3,14.3,8,421,421,6,0.96,0.69,1.29,296,">1,000",8,1,0,1,0
"candle warmer lamp masculine",,,1,368,256,"n/a",,,,108,695,8,1,0,1,1
"candle heater lamp",29.4,9.1,11,566,517,16,0.96,0.64,1.2,359,">914",9,1,3,1,1
"light candle warmer lamp",22.7,11.9,71,"2,066","2,066",24,0.86,0.64,1.27,568,">1,000",27,1,0,1,1
"candle burning lamp",30.4,16.7,9,506,408,11,,,,398,">807",8,1,0,1,1
"retro candle warmer lamp",51.1,,4,450,268,70,,,,200,">596",8,1,0,1,1
"candle warmer lamp timer",21.2,13.9,39,"1,164","1,164",87,0.92,0.7,1.29,487,">1,000",26,1,1,1,1
"candle lamp adjustable",,,4,138,275,"n/a",,,,108,">2,000",8,1,0,1,1
"candle warmer lamp farmhouse style",17.8,,6,"1,154",644,31,0.84,0.6,1.14,445,558,10,1,0,1,1
"large candle warmer lamp for 3 wick candles",31.4,6.7,31,"1,948","1,165",46,0.84,0.6,1.16,514,598,26,1,0,1,0
"candle warmwr lamp",25,,2,381,381,5,0.98,0.74,1.28,253,">1,000",8,1,0,1,1
"candle warmer lamp color changing",,,13,454,280,-5,,,,165,617,8,1,0,1,0
"candle warmer lamp",20.4,11.8,2937,"470,780","470,780",26,0.87,0.62,1.24,539,">1,000",597,1,40,1,1
"marycele candle warmer lamp with timer",67.2,25,6,"1,074",580,17,0.93,0.7,1.29,339,540,9,1,0,1,0
"sokcvsea fragrance candle warmer lamp",,,8,528,280,-71,0.83,0.63,1.2,290,530,8,1,0,1,1
"soilsiu candle warmer lamp with timer",,,4,677,352,65,,,,216,520,8,1,0,1,0
"zukakii candle warmer lamp",,,14,500,265,54,1.1,0.87,1.26,241,530,8,1,0,1,1
"maoyue candle warmer lamp",,,15,452,238,74,0.94,0.64,1.16,332,526,8,1,0,1,0
"loowoko candle warmer lamp",,,4,455,235,306,0.92,0.73,1.16,209,517,8,1,0,1,0
"candle warmer lamp men",,,13,715,396,-12,,,,168,554,8,1,0,1,1
"candle warmer lamp for large yankee jar candles",,,2,450,259,11,,,,185,576,8,1,0,1,0
"skjrvrh candle warmer lamp",,,11,536,280,"n/a",,,,60,522,8,1,0,1,0
"geezo fragrance candle warmer lamp",79.8,72.9,29,"1,347",698,-3,0.97,0.61,1.07,430,518,10,1,0,1,1
"euaonya candle warmer lamp",,,7,683,349,235,0.94,0.89,1.22,174,511,8,1,0,1,1
"dimmable flower candle warmer lamp",76.9,83.3,17,"1,358",762,-4,0.96,0.76,1.2,386,561,11,1,3,1,0
"wooden candle warmer lamp",,,4,458,312,25,,,,175,">681",8,0,2,1,1
"candle warmer lamp for large jar candles",,,1,274,274,256,,,,164,">1,000",8,1,1,1,0
"nonvjj candle warmer lamp",,,7,485,247,30,,,,226,509,8,1,0,1,1
"imenlox dimmable candle warmer lamp",,,15,489,253,-27,,,,135,517,8,1,0,1,1
"black candle lamp",,,12,368,232,25,,,,325,">630",8,1,1,1,1
"fragrance candle warmer lamp",44.5,16.7,3,349,349,-50,1.02,0.77,1.39,260,">1,000",8,1,3,1,0
"candle wax lamp",,,7,256,256,148,,,,259,">1,000",8,1,0,1,1
"lukasa candle warmer lamp",66.7,54.5,8,727,391,-19,0.96,0.75,1.29,250,538,8,1,0,1,0
"candle warmer lamp on sale",,,7,485,268,"n/a",,,,93,553,8,1,0,1,0
"candle warmer lamp for tall jar candles",51.6,16.7,4,317,317,"n/a",,,,67,">1,000",8,1,0,1,0
"farmhouse candle warmer lamp with timer",38.7,,5,608,349,-7,,,,171,574,8,1,0,1,0
"unique candle warmer lamp",34.6,50,4,871,296,15,,,,210,340,8,1,0,1,1
"better homes and gardens candle warmer lamp, black ribbed glass",,,8,542,274,"n/a",,,,110,506,8,1,0,1,0
"lamp that melts candles",32.4,,1,458,359,90,,,,304,">784",8,1,0,1,0
"vintage candle warmer lamp",33,,20,"1,789","1,245",47,0.82,0.6,1.15,508,">696",26,1,1,1,1
"malbella candle warmer lamp",,,6,507,265,108,1.03,0.85,1.29,136,523,8,1,0,1,1
"candle warmer lamp silver",32.7,7.1,22,"2,574","1,431",16,0.76,0.59,1.05,619,556,26,1,0,1,1
"cozy berry candle warmer lamp",,,2,689,346,-2,1.12,0.85,1.28,348,502,8,1,0,1,1
"nvrgiup candle warmer lamp",,,13,495,262,14,,,,327,529,8,1,0,1,0
"engpure candle warmer lamp",78.8,57.2,13,779,408,24,0.96,0.72,1.27,257,524,8,1,0,1,0
"ulg 2 pack candle warmer lamp with dimmer",,,9,522,265,-10,1.04,0.76,1.31,197,508,8,1,0,1,0
"candle warmer lamp with timer adjustable height",,,16,362,289,"n/a",,,,87,">799",8,1,0,1,0
"tulip candle warmer lamp",50,33.3,11,542,283,37,,,,244,522,8,1,0,1,0
"candeldo candle warmer lamp",34.1,40,5,772,423,-57,0.88,0.72,1.12,291,548,8,1,0,1,0
"godonlif candle warmer lamp",67.2,72,35,"1,923","1,050",-9,0.91,0.69,1.13,391,546,25,1,0,1,1
"soilsiu candle warmer lamp",,,12,397,213,-30,0.9,0.76,1.22,277,536,8,1,0,1,0
"pink flower candle warmer lamp",59,33.3,5,638,241,"n/a",,,,130,378,8,1,0,1,0
"candle warmer lamp two pack",,,5,283,283,-1,,,,186,">1,000",8,0,0,1,1
"candle warmer lamp sale",,,1,358,289,50,,,,265,808,8,1,0,1,1
"candle warmer lamp flower",38,34.2,40,"3,960","2,194",13,0.72,0.52,0.96,501,554,27,1,0,1,1
"large candle warmer lamp",18.1,,2,516,516,26,0.98,0.69,1.33,283,">1,000",9,1,0,1,1
"bronze candle warmer lamp",30.6,,4,630,354,-1,,,,146,562,8,1,1,1,1
"candle warmer lamp dimmable timer",,,10,246,238,2,,,,154,">966",8,1,1,1,1
"candle warmer lamp skjrvrh",,,9,480,256,"n/a",,,,102,533,8,1,0,1,0
"candle warmer lamp mid century",,,3,512,259,-12,,,,152,506,8,1,0,1,1
"candle warmer lamp hummingbird",,,12,413,228,"n/a",,,,98,552,8,1,0,1,0
"mocosa candle warmer lamp",,,16,470,247,"n/a",,,,128,525,8,1,0,1,0
"heat lamp candle warmer",34,,5,429,383,16,,,,294,">893",8,1,0,1,1
"black lamp candle warmer",,,3,363,271,29,,,,267,">746",8,1,0,1,0
"candle warmer lamp boho",38.5,25,1,657,354,21,,,,322,539,8,1,0,1,1
"candle warmer lamp brass",,,7,343,262,1,,,,158,764,8,1,0,1,1
"aimoptg candle warmer lamp",100,66.7,6,797,416,34,1,0.71,1.2,354,522,8,1,0,1,1
"dimmable candle warmer lamp with timer",,,24,262,253,11,,,,259,">966",8,1,4,1,0
"trademark candle warmer lamp",32.1,100,2,829,437,-1,0.86,0.67,1.13,152,527,8,1,0,1,1
"heated candle warmer lamp",30.6,40,7,448,410,8,1.03,0.73,1.32,207,">916",8,1,0,1,1
"amber candle warmer lamp",,,7,597,341,83,0.96,0.8,1.25,276,571,8,1,0,1,1
"flower candle lamp",58.3,,3,"1,404",330,-18,0.8,0.63,1.07,134,235,8,1,7,1,0
"candle warmer lamp retro",,,1,356,213,-19,,,,95,">598",8,1,0,1,0
"candle warmer lamp with timer adjustable",,,4,336,311,"n/a",,,,122,">925",8,1,0,1,0
"candle warmer lamp godonlif",,,13,528,283,-6,,,,127,536,8,1,0,1,0
"marycele candle warmer lamp",76.6,68.6,49,"4,159","2,196",10,0.86,0.62,1.18,557,528,27,1,0,1,1
"silver candle warmer lamp",35.4,9.5,25,"1,429","1,232",29,0.84,0.6,1.14,534,">862",26,1,0,1,1
"candle warmer lamp, electric candle lamp warmer with timer, mom christmas birthday gifts for women, ",,,25,417,225,-11,0.76,0.53,0.95,218,540,8,1,2,1,0
"novamer candle warmer lamp",,,10,429,228,31,,,,163,531,8,1,0,1,1
"candle warmer lamp with dimmer",17.4,25,3,863,698,54,0.9,0.62,1.19,332,">809",10,1,3,1,1
"light for candle warmer lamp",43.4,52.4,11,428,428,13,,,,245,">1,000",8,1,0,1,0
"yohonk candle lamp warmer",78.6,66.7,11,"1,109",581,"n/a",0.97,0.76,1.19,106,524,9,1,0,1,0
"goloza candle warmer lamp",,,1,532,283,"n/a",,,,97,532,8,1,0,1,0
"malbella essentials candle warmer lamp",79.3,,7,501,354,99,,,,167,706,8,1,0,1,1
"candle wamer lamp",,,1,213,213,-2,,,,180,">1,000",8,1,0,1,1
"flower candle warmer lamp",46.1,28.4,79,"6,806","3,920",1,0.71,0.5,0.98,574,576,32,1,9,1,0
"desk lamp candle warmer",,,2,371,235,-15,,,,136,">634",8,1,0,1,1
"warming candle lamp",23.3,15.4,20,762,762,39,0.96,0.67,1.31,388,">1,000",11,1,0,1,1
"candle warmer lamp adjustable height with timer",36,100,2,436,346,94,0.86,0.61,1.14,262,">794",8,1,0,1,0
"candle warmer lamp 2 pack best seller",,,7,653,356,-7,,,,173,545,8,1,0,1,0
"rose gold candle warmer lamp",38.5,66.7,1,623,320,90,,,,255,514,8,1,0,1,1
"candle lamps with timer",,,10,277,277,113,,,,302,">1,000",8,1,0,1,1
"candle warmers lamp with timer",20.6,14.3,2,644,644,83,0.97,0.75,1.42,267,">1,000",10,1,0,1,0
"clearance candle warmer lamp",20.7,100,5,244,244,-9,,,,164,">1,000",8,1,0,1,0
"scented candles for lamp warmers",,,4,232,232,"n/a",,,,104,">1,000",8,1,0,1,0
"candles warmer lamp",26.6,40,15,698,698,34,0.96,0.74,1.36,445,">1,000",10,1,0,1,0
"funistree candle warmer lamp",76.9,,13,"7,262","1,053",28,0.9,0.69,1.19,348,145,25,1,0,1,1
"candle light lamp",,,5,37,370,18,,,,383,">10,000",8,1,0,1,0
"better homes and gardens candle warmer lamp",,,2,438,235,"n/a",,,,131,537,8,1,0,1,0
"candle warmer lamp pink",39,11.8,23,"1,428","1,232",18,0.87,0.62,1.22,419,">863",26,0,0,1,1
"candle warmer lamp cute",27.8,,1,538,351,-8,,,,335,653,8,1,0,1,0
"warmer candle lamp",21,,7,396,396,6,,,,280,">1,000",8,1,0,1,1
"candle warmer flower lamp",53.7,,3,786,437,4,0.84,0.64,1.16,258,556,8,1,0,1,1
"rechargeable candle warmer lamp",34.9,,1,683,388,3,,,,292,568,8,1,0,1,1
"yuichoy candle warmer lamp with timer, dimmable electric candle wamer adjustable height, christmas g",,,1,615,312,-23,,,,205,507,8,1,0,1,0
"copinpin candle warmer lamp",69,30,8,"1,014",429,"n/a",0.94,0.74,1.27,109,423,8,1,0,1,1
"lamp candle",23.8,30.8,28,"1,232","1,232",47,0.95,0.73,1.25,631,">1,000",26,1,2,1,1
"heating candle lamp",,,7,499,354,73,,,,276,">709",8,1,0,1,0
"mikasa candle warmer lamp",48.5,33.3,13,"1,410",764,43,0.93,0.7,1.19,304,542,11,1,0,1,1
"flameless candle lamp",47.8,40,6,85,424,-12,0.9,0.72,1.22,323,">5,000",8,1,0,1,0
"candle warmer lamp small",25,16.7,6,372,372,25,,,,266,">1,000",8,1,0,1,0
"yuichoy candle warmer lamp with timer",87.7,72.7,14,"3,738","1,940",20,0.83,0.64,1.09,386,519,27,1,0,1,0
"candle warmer lamp with candle included",,,11,238,238,-9,,,,139,">1,000",8,1,0,1,0
"glass candle warmer lamp",22.7,30,18,945,762,60,0.9,0.65,1.21,291,">806",11,1,3,1,0
"candle watmer lamp",35.1,40,14,426,426,17,1,0.71,1.36,304,">1,000",8,1,0,1,1
"wood candle warmer lamp",48.4,,1,454,319,100,,,,253,">702",8,1,2,1,0
"seenlast candle warmer lamp with timer dimmer adjustable",,,17,435,235,-16,,,,242,540,8,1,0,1,0
"candle warmer lamp for jar candles",94.7,,12,222,222,114,1.12,0.9,1.4,291,">1,000",8,1,2,1,0
"candle warmer lamp adjustable height",16.3,9.1,5,"1,012",820,74,0.84,0.61,1.17,333,">810",11,1,2,1,1
"rustic candle warmer lamp",24.3,21.4,17,"1,354",823,57,0.83,0.59,1.11,380,608,11,1,0,1,1
"lamp candle warmers",26.9,50,1,333,333,-10,,,,196,">1,000",8,1,1,1,0
"candle warmer lamp with timer, adjustable height candle warmer, dimmable, home decor, wax warmer lam",,,29,480,265,-28,0.95,0.6,1.08,232,552,8,1,0,1,0
"seen last candle warmer lamp",,,10,576,301,-1,,,,176,523,8,1,0,1,1
"pretty candle warmer lamp",,,6,735,277,"n/a",,,,129,377,8,1,0,1,0
"electric candle warmer lamp",19.1,7.4,45,"1,428","1,428",21,0.87,0.68,1.32,506,">1,000",27,1,3,1,1
"candle light warmer lamp",23.5,15.8,27,"1,164","1,164",50,0.91,0.65,1.24,560,">1,000",26,1,0,1,1
"boho candle warmer lamp",33.3,,1,693,372,20,,,,362,537,8,1,0,1,1
"candle for candle warmer lamp",35.3,16.7,16,424,424,47,1.47,1.18,1.85,276,">1,000",8,1,0,1,0
"candle warmer lamp large",23.9,25,1,384,384,51,,,,314,">1,000",8,1,0,1,1
"candle heat lamps",31,33.3,24,282,259,-8,1.07,0.69,1.39,383,">917",8,1,0,1,0
"western candle warmer lamp",,,7,431,274,-13,,,,159,635,8,1,0,1,1
"geezo candle warmer lamp",80.6,50,5,695,362,27,0.92,0.61,1.06,187,521,8,1,0,1,0
"lamp and candle warmer",,,5,262,262,"n/a",,,,116,">1,000",8,1,0,1,0
"electric lamp candle warmer",,,4,228,228,34,,,,344,">1,000",8,1,1,1,0
"modern candle warmer lamp",25.3,21,22,"1,451","1,232",80,0.88,0.62,1.27,453,">849",27,1,3,1,1
"candle warmer lamp with timer and dimmer",26.6,11.8,23,716,581,40,0.94,0.68,1.3,359,">811",9,1,4,1,0
"battery candle warmer lamp",28.8,,2,521,400,7,,,,279,">768",8,1,0,1,0
"candle warmer lamp clear glass",,,1,361,280,"n/a",,,,160,775,8,1,0,1,1
"cozyberry candle warmer lamp",75.7,58.3,10,"1,090",581,21,1.03,0.78,1.33,439,533,9,1,0,1,1
"dragonfly candle warmer lamp",,,9,517,349,19,,,,190,675,8,1,0,1,0
"candle heat lamp warmer",,,3,402,330,"n/a",,,,153,">820",8,1,0,1,1
"adjustable height candle warmer lamp",32.1,33.3,1,330,274,56,,,,266,">831",8,1,1,1,0
"yuichoy candle warmer lamp with timer, dimmable electric candle wamer adjustable height, glass moder",68.1,,8,"3,169","1,648",52,0.78,0.55,0.96,250,520,26,1,0,1,0
"dimmable flower candle warmer lamp with timer",,,16,411,222,-7,,,,214,540,8,1,3,1,0
"toacsucp candle warmer lamp",100,60,13,803,416,1,,,,276,518,8,1,0,1,1
"candle warmer lamp with timer black",42.4,16.7,2,470,381,18,,,,202,">810",8,1,0,1,0
"lamps for candles",,,1,265,265,97,,,,221,">1,000",8,1,0,1,0
"candle lamp warmers",,,5,311,311,37,,,,293,">1,000",8,1,0,1,0
"candle lamp warmer adjustable with timer",,,2,379,351,21,1.02,0.75,1.32,139,">925",8,1,0,1,0
"loowoko christmas candle warmer lamp",,,23,"2,671",219,"n/a",0.95,0.72,1.21,106,82,8,1,0,1,0
"candle warmer lamp silver finish",45.3,,10,841,439,-5,0.83,0.61,1.1,314,522,8,1,0,1,1
"candle warmer lamp with timer dimmer adjustable height,mothers day gifts,electric wax warmer vintage",85.7,60,13,512,277,-25,,,,176,541,8,1,1,1,0
"heated candle lamp",,,12,415,380,171,,,,254,">916",8,1,0,1,1
"farmhouse candle warmer lamp",22.7,18.7,41,"3,299","1,940",37,0.75,0.52,1.06,481,588,27,1,0,1,1
"candle warmer lamp marycele",86.5,,3,845,437,2,1.27,0.96,1.54,261,517,8,1,0,1,0
"candle warner lamp",,,14,271,271,109,,,,145,">1,000",8,1,0,1,1
"candle warmer lamp gold",26.9,16.7,20,"1,814","1,159",18,0.92,0.64,1.28,486,">639",26,1,0,1,1
"lighted candle warmer lamp",,,2,648,357,-4,,,,260,551,8,1,0,1,1
"geezo fragrance candle warmer lamp，electric candle warmer with timer & dimmer，mom christmas birthday",,,18,448,225,-11,,,,195,502,8,1,0,1,0
"candle warmer lamp, candle lamp wax warmer heating lamp, timer & dimmer 7-levels, fits cup jar candl",,,6,515,271,-15,,,,158,526,8,1,0,1,0
"dimmable candle warmer lamp",20.6,12.9,48,"1,594","1,594",41,0.88,0.65,1.23,580,">1,000",29,1,9,1,1
"seenlast candle warmer lamp",85.1,61.1,16,"1,084",581,38,0.84,0.58,1.13,457,536,9,1,0,1,1
"briever dimmable candle warmer lamp with timer",75.5,100,19,"1,120",580,40,0.87,0.73,1.16,373,518,9,1,0,1,0
"candle warmer lamp amber glass",,,9,315,216,"n/a",,,,106,685,8,1,0,1,0
"candle warmer lamp flower shape",,,4,686,341,161,,,,131,497,8,1,0,1,0
"candle warmer lamp glass",32.1,50,2,487,311,274,1.17,0.88,1.32,164,">638",8,1,0,1,1
"candle warmer lamp wood",28.8,33.3,7,726,516,37,0.76,0.5,0.98,285,">711",9,1,0,1,1
"candle warmer lamp white and gold",,,18,514,271,12,,,,244,527,8,1,0,1,0
"heating lamp for candles",31.8,16.7,2,563,391,76,,,,260,">694",8,1,0,1,0
"candle warmer lamp amber",,,9,557,311,36,0.95,0.66,1.37,254,558,8,1,0,1,0
"mikasa electric candle warmer lamp",,,1,423,274,"n/a",,,,92,648,8,1,0,1,0
"lamp candle warmer black",,,5,253,253,"n/a",,,,95,">1,000",8,1,0,1,0
"candles lamp",,,6,216,216,85,,,,213,">1,000",8,1,0,1,0
"candle warmer lamp rustic",36.1,16.7,8,722,434,14,0.89,0.63,1.18,359,601,8,1,0,1,1
"candles lamp warmer",21.4,28.6,7,213,213,69,,,,240,">1,000",8,1,0,1,0
"marble base candle warmer lamp",26.1,7.7,45,"4,183","2,196",54,0.76,0.52,1.08,407,525,27,1,1,1,1
"candle warmer lamp candles",,,7,392,392,"n/a",,,,125,">1,000",8,1,0,1,0
"aurora candle warmer lamp",,,2,493,271,28,,,,270,550,8,1,2,1,0
"dimmable flower candle warmer lamp with timer, vintage candle lamp warmer for jar candle, 2024 women",,,10,530,268,4,,,,253,506,8,1,0,1,0
"candle warmer lamp led color changing",41.9,33.3,12,563,228,-3,,,,145,405,8,1,0,1,0
"gold candle warmer lamp",29.4,26.7,21,"1,915","1,218",52,0.85,0.6,1.19,382,">636",27,1,4,1,1
"candle heating lamp",29.5,12.5,13,728,516,10,0.98,0.67,1.28,338,">709",9,1,0,1,1
"lamp for candle warmer",18.9,18.2,31,"1,242","1,242",53,0.91,0.69,1.24,504,">1,000",26,1,0,1,0
"black candle warmer lamp with timer",32.5,16.7,7,473,324,34,1.08,0.75,1.45,259,">685",8,1,3,1,0
"warm candle lamp",33.3,,11,407,407,6,1.07,0.77,1.42,387,">1,000",8,1,0,1,1
"candle lamp￼",,,11,466,247,-7,,,,172,530,8,1,0,1,0
"candle lamps",28.4,3.5,84,"3,725","3,725",37,0.92,0.64,1.26,521,">1,000",29,1,0,1,0
"lamp candle warmer for jar candles",36.1,9.1,53,"3,125","3,125",43,0.84,0.57,1.19,553,">1,000",29,1,2,1,0
"candle warming lamp for jar candles",18.7,6.1,55,"1,751","1,653",52,0.88,0.61,1.24,542,">944",26,1,0,1,0
"black candle warmer lamp",27.2,32.9,97,"3,701","2,698",82,0.91,0.66,1.15,426,">729",28,1,2,1,1
"erumpere candle warmer lamp",,,27,541,289,36,,,,301,534,8,1,1,1,0
"candle warmer lamp crystal",46.7,,1,697,388,32,,,,285,">557",8,1,0,1,1
"candle warmers lamp",16.2,9.1,49,"1,871","1,871",21,0.93,0.64,1.26,542,">1,000",26,1,0,1,0
"candle warming lamp",34.6,6.1,155,"3,925","3,925",50,0.91,0.6,1.24,570,">1,000",29,1,1,1,1
"candle warmer lamp with candle",34.4,16.7,8,424,424,117,1.22,0.88,1.41,493,">1,000",8,1,0,1,0
"mushroom candle warmer lamp",35.7,25,6,396,271,4,,,,151,">684",8,1,0,1,0
"flower lamp candle warmer",47.2,30,11,"1,229",698,36,0.85,0.67,1.16,369,568,10,1,1,1,1
"candle warmer lamp bath and body works",30.6,,5,734,402,85,,,,316,548,8,1,0,1,0
"melting candle lamp",36,,4,373,373,18,,,,300,">1,000",8,1,0,1,0
"candle warmer lamp with timer: electric candles wax warmers glass lamps for jar candles burner adjus",,,16,432,241,-18,,,,135,558,8,1,0,1,0
"tigqiang candle warmer lamp",,,22,503,262,26,,,,225,521,8,1,0,1,0
"candle warmer lamp set",,,1,278,228,91,,,,250,">821",8,1,0,1,1
"candle warmer lamp brown",,,2,505,283,1,,,,167,560,8,1,0,1,1
"candle warmer lamp cheap",32.3,,4,81,407,-7,1.03,0.87,1.1,193,">5,000",8,1,0,1,0
"brass candle warmer lamp",32.1,40,1,464,274,78,,,,169,590,8,1,0,1,0
"candle warmer lamp adjustable",26.2,16.7,24,739,698,102,0.9,0.61,1.21,365,">945",10,1,3,1,0
"briever candle warmer lamp",66.7,33.3,6,927,484,112,0.95,0.62,1.17,161,522,9,1,0,1,0
"candle warmer lamp rechargeable",36.7,,2,665,359,4,,,,183,540,8,1,0,1,0
"black candle lamp warmer",,,4,373,268,13,,,,168,">719",8,1,2,1,0
"candle warmer lamp auto shut off",,,9,364,274,"n/a",,,,108,753,8,1,0,1,0
"lamp candle warmer",22.3,12.8,436,"16,484","16,484",42,0.88,0.61,1.23,448,">1,000",44,1,2,1,1
"crystal candle warmer lamp",29.4,25,12,"1,342",762,27,0.8,0.53,1.02,390,">568",11,1,3,1,1
"candle lamp warmer with timer",29.8,6,173,"3,924","3,924",58,0.91,0.62,1.26,613,">1,000",31,1,5,1,0
"white candle warmer lamp",21.8,3.9,37,"1,232","1,232",49,0.7,0.51,0.98,450,">1,000",27,1,4,1,1
"a candle warmer lamp",48,8.3,34,"3,125","3,125",37,1.02,0.77,1.27,439,">1,000",28,1,0,1,0
"candles for warmer lamp",47.2,20,1,482,482,5,1.03,0.75,1.37,237,">1,000",9,1,0,1,0
"candle warmer lamp modern style",,,8,356,228,-4,,,,180,641,8,1,0,1,1
"candles for lamp warmers",,,4,346,346,8,,,,182,">1,000",8,1,0,1,0
"candle warmer lamp lantern",63.9,16.7,2,554,359,5,0.91,0.75,1.43,375,">648",8,1,1,1,1
"candle melt lamp",24.3,14.3,4,384,384,-2,1.02,0.67,1.24,297,">1,000",8,1,0,1,1
"candle warmer lamp cordless",37.7,11.1,7,990,762,-13,0.95,0.7,1.25,465,">770",11,1,0,1,0
"modern candle warmer lamp with timer",40,33.3,3,261,219,-7,,,,195,">840",8,1,1,1,0
"candle warmer lamp with timer",13.2,8.6,660,"34,901","34,901",69,0.84,0.56,1.18,528,">1,000",75,1,28,1,1
"flameless candle warmer lamp",,,1,367,367,71,0.93,0.7,1.1,312,">1,000",8,1,3,1,1
"adjustable candle warmer lamp",23.3,6.8,83,"2,309","2,194",55,0.93,0.61,1.29,514,">950",27,1,1,1,1
"3 wick candle warmer lamp",35.3,33.3,16,861,516,52,0.89,0.64,1.23,312,599,9,1,0,1,1
"candle warmer lamp￼",31.4,36.4,1,420,420,24,1,0.75,1.31,322,">1,000",8,1,0,1,0
"candle warmer adjustable lamp",,,8,140,280,"n/a",,,,102,">2,000",8,1,1,1,0
"briever dimmable candle warmer lamp with timer, height adjustable electric candle wax warmer for jar",,,11,551,286,"n/a",,,,79,519,8,1,0,1,0
"candle melter lamp",20.4,14.8,17,"1,502","1,212",25,0.85,0.55,1.19,573,">807",26,1,2,1,1
"lamp for candle",22.7,20,1,404,404,-2,0.94,0.79,1.34,367,">1,000",8,1,0,1,0
"candle warmer lamp with",23,42.9,21,243,"2,426",7,1.05,0.77,1.3,527,">10,000",38,1,35,1,1
"candle warmer lamp rose gold",37.9,28.6,1,768,391,7,,,,318,509,8,1,0,1,0
"candle lamps for indoor use",23.8,12.5,1,773,436,20,0.95,0.67,1.3,272,564,8,1,0,1,0
"sunflower candle warmer lamp",,,9,342,216,"n/a",,,,134,631,8,1,0,1,0
"candle warmer lamp white",21.1,17.1,51,"2,076","1,594",18,0.79,0.56,1.08,425,">768",26,1,1,1,1
"adjustable candle warmer lamp with timer",14.9,15.4,2,393,368,6,0.87,0.6,1.2,298,">936",8,1,1,1,0
"candle warmer lamps with timer",12.5,8.6,51,"1,655","1,655",58,0.86,0.58,1.18,420,">1,000",26,1,0,1,0
"heated lamp for candles",32.6,16.7,8,446,410,46,1.04,0.77,1.35,217,">919",8,1,0,1,0
"candle warmer lamp seenlast",,,5,720,381,-8,1.11,0.92,1.39,216,529,8,1,0,1,0
"candle warmer lamp for men",41.4,50,9,705,408,25,0.83,0.56,1.08,248,579,8,1,0,1,0
"cheap candle warmer lamp",23.1,,5,63,317,"n/a",,,,148,">5,000",8,1,0,1,0
"candle warmer lamp battery operated",35.9,18.8,9,"2,201","1,052",-2,0.88,0.62,1.22,598,478,25,1,0,1,1
"yuichoy candle warmer lamp",94.1,100,10,"1,464",764,8,0.79,0.59,1.06,241,522,11,1,0,1,1
"candle lamp warmer gold",,,13,219,219,"n/a",,,,93,">1,000",8,1,0,1,0
"candle warming lamp with timer",26.7,,1,359,351,"3,126",0.98,0.68,1.29,279,">977",8,1,0,1,1
"candle warmer lamp vintage",43.9,,2,535,372,16,,,,265,">695",8,1,0,1,0
"candle wax warmer lamp",22.9,20,4,384,384,29,0.99,0.72,1.42,261,">1,000",8,1,1,1,1
"lamp candle warmer with timer",24.7,23.1,23,644,644,65,0.94,0.71,1.31,346,">1,000",10,1,0,1,0
"candle lamps warmer",15.8,12.5,28,"1,050","1,050",61,0.97,0.74,1.32,482,">1,000",25,1,0,1,0
"candle warmer lamp under 20",,,3,685,378,157,0.81,0.64,1.09,368,552,8,1,0,1,1
"candle warmer lamp vintage style",28,25,1,519,296,-6,,,,324,570,8,1,0,1,0
"mini candle warmer lamp",29,25,5,680,365,99,,,,227,537,8,1,0,1,1
"electric candle warmer lamp with timer",23.1,50,11,283,277,-33,,,,155,">978",8,1,1,1,0
"candle melting lamp",20,21.7,18,698,698,1,0.84,0.64,1.2,481,">1,000",10,1,1,1,1
"small candle warmer lamp",13.3,,2,644,644,19,0.91,0.69,1.32,298,">1,000",10,1,0,1,1
"candle lamp warmer black",39.4,33.3,4,483,359,99,,,,304,">744",8,1,0,1,0
"electric candle lamp warmer",,,5,344,344,7,1.07,0.79,1.37,434,">1,000",8,1,7,1,1
"candle warmer lamp black",24.7,24.5,56,"4,298","3,116",58,0.88,0.64,1.17,519,">725",29,1,2,1,1
"candle+warmer+lamp",16.7,16.7,5,336,336,13,1.08,0.83,1.42,456,">1,000",8,1,0,1,1
"lamp heater for candles",,,6,314,314,5,,,,124,">1,000",8,1,0,1,0
"lamp for candles",27.6,,1,333,333,11,,,,396,">1,000",8,1,0,1,0
"cloud candle warmer lamp",88.2,50,4,553,364,40,0.8,0.68,0.89,255,658,8,1,0,1,1
"candle lava lamp",,,1,"1,843",341,32,0.69,0.59,0.8,332,185,8,0,0,1,1
"lantern candle warmer lamp",31.7,66.7,7,383,383,39,,,,219,">1,000",8,0,0,1,1
"blue candle warmer lamp",43.6,33.3,6,789,420,12,0.91,0.69,1.23,294,532,8,0,0,1,1
"candle warmer lamp green",31.8,13.3,18,"1,197",821,19,0.83,0.64,1.19,448,686,11,0,1,1,1
"candle warmer lantern lamp",55.2,33.3,4,317,317,28,,,,284,">1,000",8,0,0,1,1
"christmas candle warmer lamp",,,9,576,424,-33,0.95,0.8,1.4,539,">736",8,0,5,1,1
"marble candle warmer lamp",40,,1,636,344,84,,,,306,">541",8,0,1,1,1
"candle warmer lamp blue",25.9,,13,839,439,26,0.87,0.58,1.13,304,523,8,0,0,1,1
"candle warmer lamp bulb",54.1,44.3,545,"3,321","6,642",-1,1.06,0.93,1.26,641,">2,000",33,0,2,1,1
"2 pack candle warmer lamp",48,33.3,4,437,437,47,0.92,0.68,1.17,352,">1,000",8,0,3,1,1
"candle warmer lamp white base",,,7,357,244,"n/a",,,,103,684,8,0,0,1,1
"candle lamp bulbs",69.3,54.6,62,765,765,8,1.25,1.12,1.46,385,">1,000",11,0,0,1,0
"candle stick lamps",,,3,"2,101",311,0,,,,265,148,8,0,0,1,0
"candle stick lamp",35.9,,1,336,336,-12,,,,337,">1,000",8,0,0,1,0
"silicone light bulbs for candle lamps",36.8,48.5,17,"1,900",416,-28,1.12,1.01,1.24,220,219,8,0,2,1,0
"7 watt candle bulbs for window candle lamps",57.2,50,12,994,351,20,1.19,1.03,1.36,178,353,8,0,0,1,0
"pink candle warmer lamp",32.2,11.1,24,"2,708","1,384",39,0.87,0.6,1.15,418,511,27,0,3,1,0
"light bulb for candle warmer lamp",59.6,56.4,64,496,992,26,1.16,1.03,1.44,260,">2,000",12,0,1,1,0
"candle warmer lamp set of 2",39.7,25,5,591,439,8,0.88,0.66,1.19,450,">743",8,0,0,1,0
"green candle warmer lamp",39.7,33.3,8,"1,904","1,053",44,0.84,0.58,1.06,495,553,26,0,2,1,0
"sokcvsea candle warmer lamp",,,17,542,280,-87,0.75,0.63,1.05,328,517,8,0,0,1,0
"mocalido candle warmer lamp",,,23,449,235,262,1.29,0.98,1.82,174,523,8,0,0,1,0
"candle warmer lamp with timer 2 pack",46.4,,5,346,346,188,,,,228,">1,000",8,0,0,1,0
"white candle warmer lamp with timer",,,17,325,232,127,,,,240,">714",8,0,4,1,0
"candle warmer lamp with usb port",,,3,580,324,132,,,,291,559,8,0,0,1,0
"candle warmer lamp purple",42.2,20,3,807,426,26,0.94,0.7,1.21,255,528,8,0,0,1,0
"stained glass candle warmer lamp",39,20,5,797,424,4,0.77,0.52,1.07,247,532,8,0,0,1,0
"candle warmer lamp stained glass",41.9,,1,748,397,7,,,,256,531,8,0,0,1,0
"candle warmer lamp with marble base",56.7,50,6,647,341,18,,,,250,527,8,0,0,1,0
"black and gold candle warmer lamp",41.9,50,8,694,372,129,,,,271,536,8,0,0,1,0
"candle warmer lamp with remote control",32,,8,598,335,119,,,,298,560,8,0,0,1,0
"scented candles for candle warmer lamps",31,23.1,22,482,482,19,1.34,1.03,1.75,584,">1,000",9,0,0,1,0
"purple candle warmer lamp",46,37.5,5,816,436,30,0.9,0.68,1.2,377,534,8,0,0,1,0
"candle warmer lamp bulbs",60,46.2,15,191,381,-18,,,,293,">2,000",8,0,0,1,0
"candle warmer lamp replacement bulbs",71.9,66.7,28,"1,053",436,1,1.28,1.06,1.5,231,">414",8,0,0,1,0
"bulb for candle warmer lamp",64.5,45.5,29,219,437,-6,0.95,0.84,1.14,233,">2,000",8,0,2,1,0
"candle lamp light bulb",67.7,51.6,17,98,392,-4,1.26,1.14,1.38,332,">4,000",8,0,0,1,0
"bulbs for candle warmer lamp",67.6,36.4,27,212,423,-8,1.06,0.77,1.18,230,">2,000",8,0,5,1,0
"light bulbs for candle warmer lamps",,,11,164,327,-27,,,,273,">2,000",8,0,0,1,0
"led vintage kerosene lamp electronic swing candle",62.1,100,2,"3,700",407,22,0.85,0.69,1.18,108,110,8,0,2,1,0
"lightbulb for candle warmer lamp",72,58.3,18,172,344,-7,,,,259,">2,000",8,0,0,1,0
"replacement light bulbs for electric candle lamps, window candles",,,14,940,283,-47,0.99,0.96,1.28,230,301,8,0,4,1,0
"candle warmer lamp christmas",,,11,281,256,-18,0.97,0.88,1.06,266,">911",8,0,0,1,0
"candle warmer lamp lightbulb",71.4,53.3,10,182,364,1,,,,221,">2,000",8,0,0,1,0
"candle warmer lamp light bulb replacement",66.1,47.8,11,505,412,46,,,,236,">816",8,0,0,1,0
"wanidea flameless candles lamp, led candles,cute kerosene lamp,silicone flame amber light,adjustable",,,3,"13,158",250,-22,1.04,0.83,1.59,12,19,8,0,0,1,0
"wanidea flameless candles lamp",81.5,50,15,"4,806",644,15,0.87,0.62,1.13,70,134,10,0,0,1,0
"blackyuichoy candle warmer lamp with timer, dimmable electric candle wamer adjustable height, glass ",71.1,,1,"6,986",482,-1,0.74,0.58,1.08,64,69,9,0,0,1,0
"candle warmer lamp for teen girls",,,4,625,324,18,0.89,0.68,1.27,216,518,8,0,0,1,0
"scented jar candles for candle warmer lamps",27.3,14.3,5,392,392,9,1.47,1.09,1.78,241,">1,000",8,0,0,1,0
"candles for candle warmer lamp",31.8,12.5,15,436,436,47,1.36,1.03,1.64,376,">1,000",8,0,0,1,0
"dimmable flower candle warmer lamp with timer, green candle lamp warmer for jar candle, 2024 womens ",,,2,715,346,18,,,,225,484,8,0,0,1,0
"tiffany candle warmer lamp",46.4,33.3,2,520,338,11,,,,254,650,8,0,0,1,0
"tiffany style candle warmer lamp",37.5,,2,"2,947",336,6,,,,229,114,8,0,1,1,0
"candle warmer lamp green glass",32.3,33.3,5,751,367,-25,,,,141,489,8,0,0,1,0
"candle warmer lamp lantern style",,,3,550,311,-6,,,,194,565,8,0,0,1,0
"candle warmer lamp butterfly",,,6,494,244,-1,,,,157,494,8,0,0,1,0
"candle warmer lamp white and silver",,,1,568,250,-23,,,,194,440,8,0,0,1,0
"candle warmer lamp led",,,3,277,277,-1,,,,121,">1,000",8,0,0,1,0
"butterfly candle warmer lamp",57.1,,10,543,394,"n/a",0.77,0.56,0.95,118,725,8,0,0,1,0
"red candle warmer lamp",53.6,,5,467,268,"n/a",,,,108,574,8,0,0,1,0
"tiffany lamp candle warmer",48,,4,498,312,"n/a",,,,82,626,8,0,0,1,0
"nawaza candle warmer lamp",,,15,525,277,"n/a",,,,110,528,8,0,0,1,0
"candle warmer lantern lamp farmhouse",,,1,275,238,"n/a",,,,90,864,8,0,0,1,0
"candle warmer lamp with timer white",,,6,352,250,"n/a",,,,88,">710",8,0,0,1,0
"candle warmer lamp gold and white",,,1,247,247,"n/a",,,,134,"1,000",8,0,0,1,0